{"mean":{"confidence_interval":{"confidence_level":0.95,"lower_bound":-0.012320376419088869,"upper_bound":-0.004708690331629672},"point_estimate":-0.008691490308196714,"standard_error":0.001941995991942441},"median":{"confidence_interval":{"confidence_level":0.95,"lower_bound":-0.010632377238692592,"upper_bound":-0.0013142717210339327},"point_estimate":-0.004570102619502081,"standard_error":0.0025151305880336816}}