{"mean":{"confidence_interval":{"confidence_level":0.95,"lower_bound":-0.004286210069495078,"upper_bound":0.0017729542896717798},"point_estimate":-0.0011670225183360028,"standard_error":0.0015300196946743659},"median":{"confidence_interval":{"confidence_level":0.95,"lower_bound":-0.00357721694889368,"upper_bound":0.0005743100634176823},"point_estimate":-0.001793537184246019,"standard_error":0.0010571093643619448}}