{"mean":{"confidence_interval":{"confidence_level":0.95,"lower_bound":0.1117577280704601,"upper_bound":0.11933802946808114},"point_estimate":0.11567371177824493,"standard_error":0.0019359513839174304},"median":{"confidence_interval":{"confidence_level":0.95,"lower_bound":0.11846504258839063,"upper_bound":0.12392474470893733},"point_estimate":0.1215531156820715,"standard_error":0.001549164293401759}}