{"mean":{"confidence_interval":{"confidence_level":0.95,"lower_bound":-0.004269917622308481,"upper_bound":-0.00040481312531553173},"point_estimate":-0.0024687308454265366,"standard_error":0.0009807757575173866},"median":{"confidence_interval":{"confidence_level":0.95,"lower_bound":-0.00628016248416674,"upper_bound":-0.0012875509147508171},"point_estimate":-0.004162055887907967,"standard_error":0.0012720715137627138}}