{"mean":{"confidence_interval":{"confidence_level":0.95,"lower_bound":-0.005444138936638417,"upper_bound":0.0013608201343884615},"point_estimate":-0.0018846278548811934,"standard_error":0.001733537192045968},"median":{"confidence_interval":{"confidence_level":0.95,"lower_bound":-0.0019987159348094515,"upper_bound":0.0015001601914557128},"point_estimate":-0.000051489509579338844,"standard_error":0.0009038624386247685}}