{"mean":{"confidence_interval":{"confidence_level":0.95,"lower_bound":-0.06792365408229263,"upper_bound":-0.05624553818202115},"point_estimate":-0.06217349583126908,"standard_error":0.0029795031875922244},"median":{"confidence_interval":{"confidence_level":0.95,"lower_bound":-0.07356681793272049,"upper_bound":-0.06743933543903324},"point_estimate":-0.07053951177661777,"standard_error":0.0015740278472948762}}